"FoMO","Neuroticism","Disinhibition","Openness","SocialMediaAddiction","FoMO_Neuroticism","Log_FoMO","DigitalAddictionRisk","FoMO_Category"
0.543766578249337,1.2034622283657,-2.42496723817801,0.736842105263158,3,0.654402537970739,0.434225260283427,0.147928509998777,"Very High"
0.482758620689655,0.122311950614299,1.81264273489226,1,3.2,0.0590471485724202,0.393904285707088,0.640601442507569,"High"
0.13262599469496,0.122311950614299,0.251418007971634,0.526315789473684,1.8,0.0162217441133022,0.124538825780614,0.153290184126096,"Low"
0.591511936339523,-1.82375854933822,1.81264273489226,0.894736842105263,5,-1.07877495093481,0.464684467768136,0.111156950346748,"Very High"
0.493368700265252,-1.39129843823766,0.697482215663241,1,2.2,-0.686423102154389,0.40103444069168,-0.0312087382060239,"High"
0.0848806366047746,-0.526378216036539,-1.5328388227948,0.736842105263158,1.2,-0.044679318072067,0.081469968594791,-0.422040911067534,"Low"
0.384615384615385,0.122311950614299,-0.417678303565778,0.947368421052632,3.4,0.0470430579285766,0.325422400434628,0.145465616778827,"High"
0.724137931034483,1.85215239501654,-1.08677461510319,0.894736842105263,5,1.34121380328784,0.544727175441672,0.700359761001565,"Very High"
0.156498673740053,-0.742608271586818,0.474450111817437,0.947368421052632,1.4,-0.11621720961173,0.145397055901024,-0.0496431222425315,"Low"
0.145888594164456,0.771002117265138,0.474450111817437,0.894736842105263,2.8,0.11248041498563,0.136180400796099,0.399134954625257,"Low"
0.56763925729443,0.554772061714858,0.697482215663241,1,2.4,0.314910401079522,0.449570829958088,0.589747690294321,"Very High"
0.724137931034483,1.85215239501654,-1.5328388227948,0.789473684210526,3.8,1.34121380328784,0.544727175441672,0.611146919463244,"Very High"
0.493368700265252,1.85215239501654,-0.417678303565778,0.736842105263158,4,0.913794019822484,0.40103444069168,0.718794407924432,"High"
0.312997347480106,-2.0399886048885,1.14354642335485,0.368421052631579,2.4,-0.638511022219742,0.272312575120679,-0.226788623055527,"Medium"
0.758620689655173,-1.39129843823766,-1.08677461510319,0.947368421052632,2.4,-1.05546778073202,0.564529802737852,-0.25543410966435,"Very High"
0.26525198938992,0.338542006164579,0.697482215663241,0.947368421052632,1.4,0.0897989406272092,0.23527130344033,0.373685039676982,"Medium"
0.145888594164456,-0.958838327137098,0.474450111817437,0.789473684210526,1.6,-0.13988357557703,0.136180400796099,-0.119817178695414,"Low"
0.43501326259947,0.122311950614299,0.697482215663241,0.789473684210526,3.8,0.0532073206916315,0.361174091398471,0.393696659616673,"High"
0.108753315649867,-0.31014816048626,-1.9789030304864,1,1.6,-0.0337296407955878,0.103236245076745,-0.434448396418224,"Low"
0.374005305039788,0.771002117265138,0.474450111817437,1,2.6,0.28835888205407,0.317730054811472,0.513193310062923,"High"
0.360742705570292,-0.526378216036539,-1.30980671894899,0.421052631578947,2.2,-0.189887101806285,0.308030657722759,-0.239503455815614,"High"
0.530503978779841,-0.0939181049359799,-2.20193513433221,0.894736842105263,3.2,-0.049823928348,0.425597079060089,-0.203310468957315,"High"
0.0477453580901857,-0.742608271586818,-0.417678303565778,0.631578947368421,1.6,-0.0354560978476465,0.0466405774531111,-0.282445463144108,"Low"
0.891246684350133,-0.0939181049359799,-0.417678303565778,0.578947368421053,1.6,-0.0837041996246399,0.637236232966285,0.333912249981117,"Very High"
0.204244031830239,-0.742608271586818,-1.5328388227948,0.789473684210526,1.4,-0.151673307459377,0.185852010593337,-0.427228230119886,"Low"
0.241379310344828,-1.39129843823766,0.474450111817437,1,1.4,-0.335830657505643,0.216223108469636,-0.201809853935397,"Medium"
0.204244031830239,-0.958838327137098,-0.863742511257386,0.842105263157895,3.2,-0.195837005807843,0.185852010593337,-0.358277984477487,"Low"
0.517241379310345,-0.742608271586818,1.81264273489226,1,3,-0.384107726682837,0.416893803931787,0.398366755157579,"High"
0.748010610079576,0.771002117265138,-0.863742511257386,1,4.6,0.576717764108141,0.558478347054497,0.432557437967852,"Very High"
0.26525198938992,-1.39129843823766,-0.417678303565778,0.578947368421053,2.8,-0.369044678577628,0.23527130344033,-0.368299197489494,"Medium"
0.26525198938992,1.85215239501654,-1.7558709266406,0.578947368421053,4.2,0.491287107431442,0.23527130344033,0.337097527871802,"Medium"
0.843501326259947,1.2034622283657,-0.640710407411582,0.894736842105263,1.6,1.01512198573022,0.611666658116781,0.654647250157367,"Very High"
0.289124668435013,-0.526378216036539,1.14354642335485,0.894736842105263,2,-0.152188927182978,0.253963436452483,0.215358154077515,"Medium"
0.204244031830239,-0.526378216036539,0.251418007971634,0.894736842105263,2,-0.107509609110911,0.185852010593337,-0.00550784730151539,"Low"
0.241379310344828,-0.31014816048626,0.474450111817437,0.894736842105263,2.8,-0.0748633490828905,0.216223108469636,0.122535229390023,"Medium"
0.193633952254642,-0.526378216036539,0.251418007971634,0.894736842105263,3.6,-0.101924694351903,0.177002395316355,-0.0108128870893139,"Low"
0.228116710875332,1.41969228391598,1.36657852720065,1,2.4,0.323855534262001,0.205481866638224,0.81328174605259,"Medium"
0.602122015915119,0.771002117265138,0.251418007971634,0.842105263157895,2.4,0.46423734912251,0.471329010486804,0.582645244731428,"Very High"
0.506631299734748,1.41969228391598,-0.194646199719974,1,4.4,0.719260547023746,0.409876231273141,0.640294095098173,"High"
0.543766578249337,-0.958838327137098,0.251418007971634,0.684210526315789,2.2,-0.521384236241658,0.434225260283427,0.0345153925778659,"Very High"
0.251989389920424,-0.31014816048626,0.251418007971634,0.315789473684211,1.8,-0.0781540457458744,0.224733798137544,0.0832338484086608,"Medium"
0.278514588859416,-0.0939181049359799,-0.417678303565778,0.947368421052632,2.2,-0.0261575623826999,0.245698926602589,0.0275462022357584,"Medium"
0.278514588859416,-0.958838327137098,-0.640710407411582,0.947368421052632,2.2,-0.267050462465239,0.245698926602589,-0.276536285193738,"Medium"
0.156498673740053,-1.17506838268738,1.14354642335485,0.947368421052632,1.8,-0.183896643444444,0.145397055901024,-0.0455618932652175,"Low"
0.493368700265252,-1.17506838268738,-0.863742511257386,0.631578947368421,3.2,-0.579741960689264,0.40103444069168,-0.278584666925065,"High"
0.251989389920424,-0.0939181049359799,-1.08677461510319,0.368421052631579,2,-0.0236663659652999,0.224733798137544,-0.11953565954122,"Medium"
0.602122015915119,-0.0939181049359799,-1.08677461510319,0.631578947368421,1.8,-0.0565501586749799,0.471329010486804,0.0555306534561275,"Very High"
0.278514588859416,-1.17506838268738,0.251418007971634,0.736842105263158,1.8,-0.327273687485875,0.245698926602589,-0.162979618782179,"Medium"
0.145888594164456,-1.17506838268738,0.474450111817437,0.684210526315789,1.8,-0.171429074397363,0.136180400796099,-0.184686195360499,"Low"
0.108753315649867,-1.39129843823766,0.474450111817437,0.842105263157895,1.6,-0.151308318216827,0.103236245076745,-0.268122851282877,"Low"
0.554376657824934,0.338542006164579,0.920514319509045,0.789473684210526,3.2,0.187679785910868,0.441074602129002,0.56285379466365,"Very High"
0.676392572944297,-1.60752849378794,1.14354642335485,0.947368421052632,4.4,-1.0873203339945,0.516644206698847,0.0846470230067365,"Very High"
0.445623342175066,-1.17506838268738,-0.194646199719974,0.789473684210526,4.2,-0.5236378999774,0.368540607215233,-0.168638083662676,"High"
0.0954907161803714,-1.39129843823766,0.697482215663241,1,1,-0.132856084287946,0.0912024055130219,-0.230147730248464,"Low"
0.411140583554377,0.771002117265138,-0.194646199719974,0.894736842105263,2,0.316990260414049,0.344398301893634,0.397941687012735,"High"
0.445623342175066,1.63592233946626,0.697482215663241,1,2.4,0.729005180451808,0.368540607215233,0.853084816060059,"High"
0.0716180371352786,-0.958838327137098,-1.7558709266406,0.894736842105263,2.2,-0.0686701189196331,0.0691696905131394,-0.60301666490161,"Low"
0.554376657824934,-1.82375854933822,1.14354642335485,0.736842105263158,1,-1.01104916926177,0.441074602129002,-0.041229951218029,"Very High"
0.336870026525199,-1.39129843823766,0.697482215663241,0.736842105263158,3.2,-0.468686741793588,0.290331080623358,-0.10945807507605,"Medium"
0.204244031830239,1.85215239501654,1.14354642335485,0.842105263157895,4,0.378291072722212,0.185852010593337,0.886477019091051,"Low"
0.649867374005305,-0.742608271586818,1.14354642335485,0.842105263157895,3,-0.482596887370744,0.500694905291169,0.330860490197577,"Very High"
0.336870026525199,0.771002117265138,0.920514319509045,0.894736842105263,4.2,0.259727503694092,0.290331080623358,0.58383851234395,"Medium"
0.625994694960212,0.554772061714858,0.251418007971634,0.684210526315789,4,0.34728436754564,0.4861197484882,0.52971256758889,"Very High"
0.578249336870027,-1.60752849378794,1.81264273489226,0.789473684210526,3,-0.92955228553255,0.456316218097619,0.169394667277084,"Very High"
0.493368700265252,0.987232172815418,-1.08677461510319,0.947368421052632,2,0.487069453961983,0.40103444069168,0.325499078956613,"High"
0.578249336870027,-0.526378216036539,0.0283859041258295,1,3.4,-0.304377854365956,0.456316218097619,0.136888384449218,"Very High"
0.602122015915119,0.338542006164579,1.14354642335485,1,4,0.203843595223765,0.471329010486804,0.631332894477903,"Very High"
0.26525198938992,-0.742608271586818,0.474450111817437,1,2.2,-0.196978321375813,0.23527130344033,0.00473353558240204,"Medium"
0.278514588859416,-0.742608271586818,-1.08677461510319,0.894736842105263,1.8,-0.206827237444604,0.245698926602589,-0.300880110066975,"Medium"
0.843501326259947,1.41969228391598,-1.7558709266406,0.894736842105263,3.4,1.19751232436414,0.611666658116781,0.496484162976647,"Very High"
0.374005305039788,-0.0939181049359799,0.697482215663241,1,2.2,-0.03512586948534,0.317730054811472,0.298323664171748,"High"
0.228116710875332,0.338542006164579,-1.30980671894899,0.315789473684211,2,0.0772270889394001,0.205481866638224,-0.0463403865027583,"Medium"
0.0954907161803714,-2.47244871598905,0.920514319509045,1,1.2,-0.236095898609034,0.0912024055130219,-0.50988639280472,"Low"
0.0610079575596817,-1.60752849378794,0.251418007971634,1,1.4,-0.0980720301249937,0.0592193596599713,-0.401470967762214,"Low"
0.530503978779841,0.987232172815418,0.474450111817437,1,2.4,0.523730595658047,0.425597079060089,0.656311663598033,"High"
0.748010610079576,-1.17506838268738,-0.194646199719974,0.894736842105263,3,-0.878963617819208,0.558478347054497,-0.0174444497104208,"Very High"
0.506631299734748,0.771002117265138,-0.417678303565778,0.842105263157895,4,0.390613804768279,0.409876231273141,0.40108062433376,"High"
0.0371352785145889,-0.0939181049359799,0.920514319509045,0.631578947368421,1.4,-0.00348767498436,0.036462372537355,0.174495071678309,"Low"
0.578249336870027,0.771002117265138,-1.9789030304864,0.894736842105263,3,0.445831463033953,0.456316218097619,0.124644697517275,"Very High"
0.758620689655173,1.2034622283657,-2.42496723817801,0.578947368421053,3.2,0.912971345656739,0.564529802737852,0.255355565701695,"Very High"
0,-1.82375854933822,1.14354642335485,0.894736842105263,1.4,0,0,-0.318418280130496,"Low"
0.0716180371352786,-1.60752849378794,-1.9789030304864,1,1.4,-0.115128035364123,0.0691696905131394,-0.842230135666023,"Low"
0.0238726790450929,-1.17506838268738,0.251418007971634,1,3.2,-0.0280520303559322,0.0235921820168202,-0.290300573689341,"Low"
0.602122015915119,0.122311950614299,-1.30980671894899,0.789473684210526,3.2,0.0736467182743922,0.471329010486804,0.0757932493520512,"Very High"
0.119363395225464,-0.742608271586818,0.474450111817437,0.947368421052632,1.6,-0.0886402446191161,0.112760126588001,-0.068210761499826,"Low"
0.687002652519894,0.771002117265138,-1.08677461510319,0.631578947368421,3.6,0.529680499659604,0.522953375892111,0.35744703841885,"Very High"
0.360742705570292,-1.60752849378794,-0.194646199719974,0.526315789473684,1.8,-0.579904178130398,0.308030657722759,-0.340816435295231,"High"
0.0954907161803714,-0.0939181049359799,-0.640710407411582,0.421052631578947,3.2,-0.00896830710263999,0.0912024055130219,-0.108572154872925,"Low"
0.336870026525199,-0.0939181049359799,0.920514319509045,0.842105263157895,1.8,-0.03163819450098,0.290331080623358,0.324362445683615,"Medium"
0.0716180371352786,-0.742608271586818,1.36657852720065,1,2,-0.0531841467714698,0.0691696905131394,0.0863422425317239,"Low"
0.13262599469496,-1.17506838268738,0.0283859041258295,0.789473684210526,1,-0.155844613088512,0.124538825780614,-0.280530336633568,"Low"
0.397877984084881,-2.25621866043878,0.920514319509045,0.631578947368421,3.2,-0.897699732270072,0.334955361093352,-0.293823742187385,"High"
0.312997347480106,0.122311950614299,0.0283859041258295,0.526315789473684,1.4,0.0382833161073933,0.272312575120679,0.198869439749509,"Medium"
0.724137931034483,1.85215239501654,1.58961063104646,0.842105263157895,3,1.34121380328784,0.544727175441672,1.2356368102315,"Very High"
0.517241379310345,0.771002117265138,0.474450111817437,0.684210526315789,1,0.398794198585416,0.416893803931787,0.584811347198201,"High"
0.145888594164456,-0.958838327137098,-0.640710407411582,0.473684210526316,2.2,-0.13988357557703,0.136180400796099,-0.342849282541218,"Low"
0.302387267904509,-0.958838327137098,0.920514319509045,1,1.8,-0.289940502105117,0.26419894034651,0.0476449997129341,"Medium"
0.13262599469496,-0.958838327137098,-0.640710407411582,0.842105263157895,2.6,-0.127166886888209,0.124538825780614,-0.349480582275966,"Low"
0.0954907161803714,-0.0939181049359799,0.0283859041258295,0.894736842105263,1,-0.00896830710263999,0.0912024055130219,0.0252471074345576,"Low"
0.119363395225464,0.987232172815418,-0.417678303565778,0.578947368421053,2.4,0.11783938402306,0.112760126588001,0.272315688744202,"Low"
0.278514588859416,0.987232172815418,1.36657852720065,0.894736842105263,3.2,0.274958562720474,0.245698926602589,0.708742651714463,"Medium"
0.819628647214854,0.122311950614299,-0.640710407411582,0.526315789473684,4.2,0.100250378620208,0.598632440277874,0.3183658273094,"Very High"
0.13262599469496,-0.31014816048626,-0.417678303565778,1,3,-0.0411337082873023,0.124538825780614,-0.110267111511554,"Low"
0.312997347480106,-0.742608271586818,1.58961063104646,0.736842105263158,3.4,-0.23243441922346,0.272312575120679,0.2516383184733,"Medium"
0.119363395225464,-0.31014816048626,0.251418007971634,0.631578947368421,2.4,-0.0370203374585721,0.112760126588001,0.0169208510611808,"Low"
0.506631299734748,0.554772061714858,1.14354642335485,1,2.6,0.281064890683124,0.409876231273141,0.648456553052801,"High"
0.43501326259947,0.554772061714858,-0.640710407411582,0.684210526315789,2.2,0.241333204565615,0.361174091398471,0.255796168331876,"High"
0.384615384615385,0.122311950614299,0.697482215663241,0.842105263157895,2.4,0.0470430579285766,0.325422400434628,0.36849772062463,"High"
0.517241379310345,0.338542006164579,0.0283859041258295,0.578947368421053,2.4,0.175107934223058,0.416893803931787,0.365860472329712,"High"
0.649867374005305,-1.39129843823766,1.58961063104646,0.947368421052632,2,-0.90415946251519,0.500694905291169,0.225466281740646,"Very High"
0.302387267904509,0.771002117265138,0.251418007971634,0.684210526315789,3,0.233141223788397,0.26419894034651,0.432777870726123,"Medium"
0.602122015915119,0.122311950614299,0.920514319509045,0.894736842105263,3.6,0.0736467182743922,0.471329010486804,0.521857457043658,"Very High"
0.649867374005305,1.85215239501654,-1.08677461510319,0.684210526315789,4.4,1.20365341320704,0.500694905291169,0.663224482486976,"Very High"
0.228116710875332,0.771002117265138,1.81264273489226,0.842105263157895,5,0.17587846706844,0.205481866638224,0.707887537595659,"Medium"
0.411140583554377,-0.0939181049359799,-0.417678303565778,0.736842105263158,2,-0.0386135444697,0.344398301893634,0.0938591995832389,"High"
0.469496021220159,1.85215239501654,-1.30980671894899,1,3.6,0.869578180153654,0.384919499299273,0.528432385325243,"High"
0.56763925729443,0.554772061714858,-0.194646199719974,0.684210526315789,1.8,0.314910401079522,0.449570829958088,0.411322007217678,"Very High"
0.374005305039788,-0.31014816048626,0.697482215663241,0.947368421052632,2.6,-0.115997057370193,0.317730054811472,0.233454647506664,"High"
0.278514588859416,1.41969228391598,-0.863742511257386,0.894736842105263,1,0.395405012761744,0.245698926602589,0.392416477353025,"Medium"
0.771883289124669,-0.0939181049359799,-2.20193513433221,0.947368421052632,2.8,-0.07249381574634,0.572042986088635,-0.0826208137849015,"Very High"
0.217506631299735,-0.742608271586818,1.58961063104646,0.947368421052632,1.4,-0.161522223528167,0.196805022612535,0.203892960383114,"Medium"
0.976127320954907,1.85215239501654,1.36657852720065,1,2.6,1.80793655534771,0.681139030931549,1.31702508442255,"Very High"
0.228116710875332,-0.0939181049359799,0.920514319509045,0.842105263157895,3,-0.02142428918964,0.205481866638224,0.269985787858681,"Medium"
0.411140583554377,0.338542006164579,0.920514319509045,0.736842105263158,2.4,0.139188357972175,0.344398301893634,0.491235757528371,"High"
0.578249336870027,1.2034622283657,1.81264273489226,0.947368421052632,4,0.695901235500591,0.456316218097619,1.01269188392318,"Very High"
0.710875331564987,0.554772061714858,0.474450111817437,0.578947368421053,3.6,0.394373773314541,0.537005129347762,0.616759306660438,"Very High"
0.108753315649867,-0.31014816048626,1.81264273489226,0.894736842105263,2,-0.0337296407955878,0.103236245076745,0.323860756657508,"Low"
0.326259946949602,-0.742608271586818,-1.30980671894899,0.736842105263158,3.2,-0.242283335292251,0.282362910974181,-0.321613851791042,"Medium"
0.302387267904509,-0.0939181049359799,-1.08677461510319,0.736842105263158,2,-0.0283996391583599,0.26419894034651,-0.0943367205491775,"Medium"
0.554376657824934,-0.958838327137098,0.697482215663241,0.894736842105263,3.4,-0.531557587192715,0.441074602129002,0.129033273903986,"Very High"
0.458885941644562,-1.17506838268738,0.251418007971634,0.842105263157895,2,-0.539222361286251,0.377673090778506,-0.0727939423896062,"High"
0.771883289124669,-0.31014816048626,1.81264273489226,0.894736842105263,2.4,-0.2393981822321,0.572042986088635,0.655425743394909,"Very High"
0.193633952254642,-0.0939181049359799,-1.5328388227948,0.578947368421053,1.2,-0.01818573384702,0.177002395316355,-0.237926219912433,"Low"
0.180371352785146,1.85215239501654,-1.08677461510319,0.947368421052632,2.4,0.334075233053381,0.16582909471823,0.428476471876897,"Low"
0.602122015915119,0.338542006164579,0.251418007971634,0.736842105263158,3.8,0.203843595223765,0.471329010486804,0.45290721140126,"Very High"
0.710875331564987,1.85215239501654,-0.194646199719974,1,3.8,1.31664944791627,0.537005129347762,0.872154144343461,"Very High"
0.724137931034483,1.41969228391598,-0.417678303565778,0.526315789473684,3.6,1.02805303318054,0.544727175441672,0.70444098997888,"Very High"
0.241379310344828,-1.82375854933822,0.251418007971634,0.736842105263158,2.4,-0.440217580874744,0.216223108469636,-0.376154308034725,"Medium"
0.145888594164456,0.122311950614299,0.0283859041258295,0.631578947368421,1.8,0.0178439185246324,0.136180400796099,0.115315063091684,"Low"
0.0954907161803714,-1.17506838268738,0.474450111817437,0.684210526315789,1,-0.112208121423729,0.0912024055130219,-0.209885134352541,"Low"
0.506631299734748,0.338542006164579,0.474450111817437,0.842105263157895,1.2,0.17151597659797,0.409876231273141,0.449768274080235,"High"
0.73474801061008,0.122311950614299,1.14354642335485,0.631578947368421,4.6,0.0898684623876945,0.550862164009188,0.6327768751603,"Very High"
0.119363395225464,-0.742608271586818,0.920514319509045,0.947368421052632,1.8,-0.0886402446191161,0.112760126588001,0.0210020800384957,"Low"
0.180371352785146,-1.17506838268738,1.14354642335485,0.842105263157895,2.8,-0.211948673800376,0.16582909471823,-0.033625553742671,"Low"
0.493368700265252,0.554772061714858,0.251418007971634,0.789473684210526,2.4,0.273707171031734,0.40103444069168,0.46339957024141,"High"
0.0371352785145889,0.771002117265138,1.58961063104646,1,1.2,0.0286313783599786,0.036462372537355,0.567790400646128,"Low"
0.241379310344828,0.771002117265138,-0.863742511257386,0.947368421052632,2,0.186103959339861,0.216223108469636,0.179241788100478,"Medium"
0.289124668435013,-0.742608271586818,-0.863742511257386,0.526315789473684,2.4,-0.214706370299637,0.253963436452483,-0.250968649510016,"Medium"
0.70026525198939,0.554772061714858,-0.863742511257386,0.736842105263158,3,0.388487597593428,0.530784269472659,0.343815742257675,"Very High"
0.241379310344828,0.122311950614299,-0.194646199719974,1,2.4,0.0295235742862102,0.216223108469636,0.118454000412709,"Medium"
0.0477453580901857,-2.0399886048885,-1.9789030304864,0.473684210526316,1.8,-0.0973999864402998,0.0466405774531111,-0.983904508518737,"Low"
0.302387267904509,-0.526378216036539,-1.08677461510319,0.684210526315789,1.2,-0.159170070631738,0.26419894034651,-0.224074753879345,"Medium"
0.782493368700265,-1.82375854933822,-0.863742511257386,0.842105263157895,2.4,-1.42707897096757,0.578013153075139,-0.328629382702811,"Very High"
0.748010610079576,0.771002117265138,0.697482215663241,0.526315789473684,3.6,0.576717764108141,0.558478347054497,0.744802383351978,"Very High"
0.530503978779841,-0.31014816048626,-1.5328388227948,0.684210526315789,2.8,-0.16453483314921,0.425597079060089,-0.134360223314917,"High"
0.374005305039788,0.554772061714858,-0.640710407411582,0.894736842105263,2.6,0.207487694169218,0.317730054811472,0.225292189552035,"High"
0.0954907161803714,0.987232172815418,0.474450111817437,0.894736842105263,1.8,0.0942715072184484,0.0912024055130219,0.438805032298299,"Low"
0.856763925729443,-0.526378216036539,1.58961063104646,0.894736842105263,4.6,-0.450981866789926,0.618835147595394,0.588390624263052,"Very High"
0.0954907161803714,-0.742608271586818,0.251418007971634,0.789473684210526,1.8,-0.070912195695293,0.0912024055130219,-0.124753521791533,"Low"
0.217506631299735,1.2034622283657,1.36657852720065,1,1.8,0.261761015188296,0.196805022612535,0.743107689599708,"Medium"
0.180371352785146,0.771002117265138,0.0283859041258295,0.578947368421053,1.6,0.139066694891325,0.16582909471823,0.32716349239728,"Low"
0.156498673740053,-1.82375854933822,0.474450111817437,0.736842105263158,1,-0.285415794193514,0.145397055901024,-0.373988205567952,"Low"
0.43501326259947,0.122311950614299,0.474450111817437,0.947368421052632,2.6,0.0532073206916315,0.361174091398471,0.349090238847512,"High"
0.591511936339523,0.771002117265138,-0.417678303565778,0.842105263157895,2.6,0.456056955305374,0.464684467768136,0.443520942636147,"Very High"
0.591511936339523,-0.0939181049359799,-0.417678303565778,0.947368421052632,3.4,-0.05555368010802,0.464684467768136,0.184044875975812,"Very High"
0.0716180371352786,-0.742608271586818,0.0283859041258295,0.736842105263158,2.4,-0.0531841467714698,0.0691696905131394,-0.18129628208324,"Low"
0.73474801061008,1.2034622283657,-0.417678303565778,0.842105263157895,3.8,0.884241478136072,0.550862164009188,0.644877013101594,"Very High"
0.374005305039788,-1.17506838268738,-0.417678303565778,0.263157894736842,3.2,-0.439481808909604,0.317730054811472,-0.249053522999476,"High"
0.458885941644562,0.771002117265138,-1.08677461510319,0.631578947368421,1.8,0.353802032591164,0.377673090778506,0.243388682981184,"High"
0.193633952254642,-0.31014816048626,-0.863742511257386,0.842105263157895,3.6,-0.0600552140994615,0.177002395316355,-0.168975974270034,"Low"
0.543766578249337,-0.742608271586818,0.697482215663241,0.947368421052632,2.2,-0.403805558820418,0.434225260283427,0.188597250781271,"Very High"
0.687002652519894,1.2034622283657,1.14354642335485,0.947368421052632,2.6,0.826781743094738,0.522953375892111,0.933249279440627,"Very High"
0.156498673740053,-0.958838327137098,0.251418007971634,0.736842105263158,1.4,-0.150056926528087,0.145397055901024,-0.159118559676776,"Low"
0.625994694960212,1.85215239501654,0.0283859041258295,0.894736842105263,3.8,1.1594375735382,0.4861197484882,0.874320246810234,"Very High"
0.374005305039788,-0.31014816048626,-1.7558709266406,0.631578947368421,4.6,-0.115997057370193,0.317730054811472,-0.257215980954104,"High"
0.251989389920424,-1.60752849378794,-0.863742511257386,0.736842105263158,2.6,-0.405080124429321,0.224733798137544,-0.529012355427647,"Medium"
0.70026525198939,-0.958838327137098,0.0283859041258295,0.684210526315789,2.4,-0.671441162769745,0.530784269472659,0.0681583086787315,"Very High"
0.241379310344828,1.41969228391598,-0.640710407411582,0.789473684210526,2.2,0.342684344393513,0.216223108469636,0.418455258864892,"Medium"
0.676392572944297,-0.31014816048626,0.0283859041258295,1,1.2,-0.209781912265242,0.516644206698847,0.250829019151436,"Very High"
0.251989389920424,-0.526378216036539,-0.640710407411582,0.789473684210526,1.4,-0.132641725526449,0.224733798137544,-0.160060851333066,"Medium"
0.312997347480106,-2.0399886048885,-1.5328388227948,0.157894736842105,3,-0.638511022219742,0.272312575120679,-0.762065672285457,"Medium"
0.241379310344828,0.122311950614299,-0.417678303565778,1,4.4,0.0295235742862102,0.216223108469636,0.0738475796435481,"Medium"
0.302387267904509,-0.31014816048626,-0.417678303565778,0.947368421052632,3.4,-0.0937848548950493,0.26419894034651,-0.0253864749067791,"Medium"
0.217506631299735,0.771002117265138,0.251418007971634,0.789473684210526,2.2,0.167698073251303,0.196805022612535,0.390337552423736,"Medium"
0.145888594164456,-2.25621866043878,0.0283859041258295,0.684210526315789,3,-0.329156568499026,0.136180400796099,-0.59824412022424,"Low"
0.493368700265252,0.122311950614299,0.697482215663241,0.684210526315789,3.2,0.0603448881014844,0.40103444069168,0.422874378449564,"High"
0.374005305039788,-0.958838327137098,-0.417678303565778,0.947368421052632,1.4,-0.35861062102475,0.317730054811472,-0.184184506334391,"High"
0.360742705570292,1.2034622283657,0.697482215663241,0.894736842105263,2,0.434140220312295,0.308030657722759,0.680906464427504,"High"
0.0610079575596817,-2.25621866043878,1.81264273489226,1,1.6,-0.137647292281411,0.0592193596599713,-0.283833072373341,"Low"
0.374005305039788,0.338542006164579,-0.640710407411582,0.526315789473684,1.8,0.126616506284365,0.317730054811472,0.160423172886951,"High"
0.169761273209549,-0.526378216036539,0.474450111817437,1,2.6,-0.0893586361441339,0.156799687998835,0.0218571941573002,"Low"
0.108753315649867,1.85215239501654,0.251418007971634,1,2.6,0.201427714046891,0.103236245076745,0.660305977924222,"Low"
0.26525198938992,-0.742608271586818,-0.417678303565778,0.894736842105263,1.8,-0.196978321375813,0.23527130344033,-0.173692147494241,"Medium"
0.302387267904509,-0.526378216036539,1.14354642335485,0.947368421052632,1.8,-0.159170070631738,0.26419894034651,0.221989453812263,"Medium"
0.602122015915119,0.987232172815418,0.0283859041258295,1,4.6,0.594434226071883,0.471329010486804,0.602907840627351,"Very High"
0.506631299734748,0.338542006164579,-1.08677461510319,0.578947368421053,3,0.17151597659797,0.409876231273141,0.13752332869611,"High"
0.360742705570292,0.122311950614299,-0.194646199719974,1,1,0.0441231439881822,0.308030657722759,0.178135698025441,"High"
0.326259946949602,-1.39129843823766,1.36657852720065,0.368421052631579,3.2,-0.453924954650483,0.282362910974181,0.019056147443633,"Medium"
0.204244031830239,1.63592233946626,-0.863742511257386,0.789473684210526,5,0.334127374373746,0.185852010593337,0.42015021550352,"Low"
0.193633952254642,0.554772061714858,-1.08677461510319,0.631578947368421,2,0.107422706910304,0.177002395316355,0.0458936716211404,"Low"
0.156498673740053,-0.31014816048626,-0.863742511257386,0.736842105263158,3.4,-0.0485377757790168,0.145397055901024,-0.187543613527329,"Low"
0.289124668435013,-0.31014816048626,0.474450111817437,0.736842105263158,3,-0.0896714840663191,0.253963436452483,0.146407908435116,"Medium"
0.360742705570292,1.63592233946626,0.474450111817437,0.789473684210526,2.4,0.59014705084194,0.308030657722759,0.766038076988511,"High"
0.421750663129974,1.85215239501654,-1.7558709266406,1,1,0.781146500815995,0.351888973622792,0.415346864741829,"High"
0.397877984084881,0.771002117265138,-0.863742511257386,0.789473684210526,1.8,0.306764768142628,0.334955361093352,0.257491124970505,"High"
0.336870026525199,-0.0939181049359799,0.474450111817437,0.684210526315789,2.4,-0.03163819450098,0.290331080623358,0.235149604145293,"Medium"
0.336870026525199,-0.31014816048626,-1.9789030304864,0.526315789473684,3.2,-0.104479619049748,0.290331080623358,-0.320390040980559,"Medium"
0.374005305039788,-2.25621866043878,1.36657852720065,1,2.6,-0.843837748333868,0.317730054811472,-0.21654724017161,"High"
0.578249336870027,-0.742608271586818,0.474450111817437,0.947368421052632,3.4,-0.429412740599274,0.456316218097619,0.161232209322456,"Very High"
0.228116710875332,-0.742608271586818,0.920514319509045,0.947368421052632,1.6,-0.1694013563832,0.205481866638224,0.0753787378634296,"Medium"
0.289124668435013,0.987232172815418,1.58961063104646,0.894736842105263,2.6,0.285433174633635,0.253963436452483,0.758654112271424,"Medium"
0.0610079575596817,0.554772061714858,1.14354642335485,0.578947368421053,1.2,0.0338455103963972,0.0592193596599713,0.425644881965268,"Low"
0.228116710875332,-1.39129843823766,0.0283859041258295,0.736842105263158,1.4,-0.317378423576761,0.205481866638224,-0.297653995208466,"Medium"
0.119363395225464,0.122311950614299,1.14354642335485,0.947368421052632,2.6,0.014599569701972,0.112760126588001,0.325084567467992,"Low"
0.350132625994695,1.63592233946626,0.474450111817437,0.789473684210526,1,0.572789784640707,0.300202829102512,0.760733037200713,"Medium"
0.445623342175066,-0.958838327137098,-1.08677461510319,1,2.4,-0.427280739944383,0.368540607215233,-0.282194750074234,"High"
0.302387267904509,-0.31014816048626,-0.417678303565778,0.684210526315789,2.4,-0.0937848548950493,0.26419894034651,-0.0253864749067791,"Medium"
0.70026525198939,1.63592233946626,0.474450111817437,0.736842105263158,4.2,1.14557956928141,0.530784269472659,0.93579935019806,"Very High"
0.710875331564987,0.987232172815418,-1.30980671894899,0.631578947368421,3.6,0.701798998181783,0.537005129347762,0.389645973837321,"Very High"
0.43501326259947,-0.31014816048626,0.251418007971634,0.894736842105263,2,-0.134918563182352,0.361174091398471,0.174745784748184,"High"
0.43501326259947,0.554772061714858,0.474450111817437,0.526315789473684,2.6,0.241333204565615,0.361174091398471,0.47882827217768,"High"
0.530503978779841,0.338542006164579,-0.417678303565778,1,2,0.179597881254419,0.425597079060089,0.283278930526139,"High"
0.724137931034483,1.85215239501654,1.81264273489226,0.894736842105263,5,1.34121380328784,0.544727175441672,1.28024323100066,"Very High"
0.517241379310345,-0.31014816048626,0.697482215663241,0.473684210526316,3.2,-0.160421462320479,0.416893803931787,0.305072684641943,"High"
0.302387267904509,-0.0939181049359799,-0.640710407411582,0.473684210526316,3,-0.0283996391583599,0.26419894034651,-0.00512387901085587,"Medium"
0.543766578249337,0.987232172815418,0.0283859041258295,0.736842105263158,3.4,0.536823860549498,0.434225260283427,0.57373012179446,"Very High"
0.108753315649867,0.987232172815418,0.920514319509045,0.947368421052632,3.8,0.107364772109899,0.103236245076745,0.534649173571368,"Low"
0.241379310344828,-0.31014816048626,0.251418007971634,0.368421052631579,3,-0.0748633490828905,0.216223108469636,0.0779288086208628,"Medium"
0.241379310344828,0.122311950614299,0.697482215663241,0.789473684210526,3.4,0.0295235742862102,0.216223108469636,0.296879683489352,"Medium"
0.350132625994695,0.122311950614299,-0.417678303565778,0.473684210526316,3.2,0.042825404459118,0.300202829102512,0.128224237468482,"Medium"
0.360742705570292,-0.0939181049359799,0.697482215663241,0.684210526315789,2.2,-0.03388027127664,0.308030657722759,0.291692364437,"High"
0.0954907161803714,0.987232172815418,-0.417678303565778,1,1.4,0.0942715072184484,0.0912024055130219,0.260379349221656,"Low"
0.119363395225464,1.63592233946626,0.0283859041258295,0.842105263157895,1,0.195269244763877,0.112760126588001,0.556135580277776,"Low"
0.278514588859416,-0.31014816048626,1.14354642335485,0.736842105263158,1.4,-0.0863807874033349,0.245698926602589,0.2749221309548,"Medium"
0.384615384615385,-0.742608271586818,0.474450111817437,0.684210526315789,2.6,-0.28561856599493,0.325422400434628,0.0644152331951345,"High"
0.302387267904509,-0.958838327137098,0.0283859041258295,0.736842105263158,1.4,-0.289940502105117,0.26419894034651,-0.130780683363709,"Medium"
0.421750663129974,0.338542006164579,1.14354642335485,1,3.4,0.142780315597263,0.351888973622792,0.541147218085331,"High"
0.278514588859416,-0.742608271586818,1.58961063104646,0.789473684210526,3.6,-0.206827237444604,0.245698926602589,0.234396939162955,"Medium"
0.180371352785146,-1.17506838268738,1.58961063104646,1,3.2,-0.211948673800376,0.16582909471823,0.055587287795651,"Low"
0.578249336870027,0.122311950614299,-0.640710407411582,0.736842105263158,3.6,0.0707268043339979,0.456316218097619,0.197676172136987,"Very High"
0.26525198938992,-0.742608271586818,0.0283859041258295,0.842105263157895,1.8,-0.196978321375813,0.23527130344033,-0.0844793059559195,"Medium"
0.397877984084881,1.2034622283657,-0.417678303565778,1,2.6,0.478831125344443,0.334955361093352,0.476441999838995,"High"
0.217506631299735,1.41969228391598,-0.417678303565778,0.736842105263158,2.8,0.308792486156792,0.196805022612535,0.451125340111506,"Medium"
0.663129973474801,0.338542006164579,0.697482215663241,0.578947368421053,2.8,0.224497351568023,0.50870135318491,0.572624031719422,"Very High"
0.312997347480106,0.987232172815418,0.697482215663241,1,3,0.309001051438247,0.272312575120679,0.592164768717327,"Medium"
0.217506631299735,0.987232172815418,1.14354642335485,0.842105263157895,1.8,0.214729544219799,0.196805022612535,0.633632252165463,"Medium"
0.228116710875332,-0.0939181049359799,-0.194646199719974,0.684210526315789,2.4,-0.02142428918964,0.205481866638224,0.0469536840128772,"Medium"
0.530503978779841,1.2034622283657,0.474450111817437,1,2.8,0.638441500459257,0.425597079060089,0.721180680263118,"High"
0.411140583554377,-0.0939181049359799,0.474450111817437,0.789473684210526,2.6,-0.0386135444697,0.344398301893634,0.272284882659882,"High"
0.517241379310345,-0.31014816048626,0.474450111817437,0.473684210526316,2.6,-0.160421462320479,0.416893803931787,0.260466263872782,"High"
0.251989389920424,1.85215239501654,1.14354642335485,0.894736842105263,2.2,0.46672275205987,0.224733798137544,0.910349698136144,"Medium"
0.469496021220159,0.771002117265138,-0.417678303565778,0.736842105263158,3,0.361982426408301,0.384919499299273,0.382512985076465,"High"
0.445623342175066,0.771002117265138,-1.08677461510319,0.736842105263158,2.6,0.343576540319743,0.368540607215233,0.236757383246436,"High"
0.241379310344828,-0.0939181049359799,0.920514319509045,0.842105263157895,1.2,-0.02266988739834,0.216223108469636,0.276617087593429,"Medium"
0.458885941644562,-0.0939181049359799,0.697482215663241,0.947368421052632,2.6,-0.0430976980210199,0.377673090778506,0.340763982474135,"High"
0.469496021220159,-0.742608271586818,1.14354642335485,0.684210526315789,1,-0.34865162883519,0.384919499299273,0.240674813805004,"High"
0.649867374005305,0.338542006164579,-0.863742511257386,0.684210526315789,1.6,0.220007404536663,0.500694905291169,0.253747786600549,"Very High"
0.13262599469496,0.122311950614299,0.251418007971634,1,1.8,0.0162217441133022,0.124538825780614,0.153290184126096,"Low"
0.302387267904509,-0.958838327137098,0.251418007971634,1,2.2,-0.289940502105117,0.26419894034651,-0.0861742625945481,"Medium"
0.217506631299735,-0.742608271586818,0.474450111817437,1,1.8,-0.161522223528167,0.196805022612535,-0.0191391434626905,"Medium"
0.663129973474801,0.554772061714858,1.14354642335485,0.842105263157895,3.4,0.367885982569534,0.50870135318491,0.726705889922828,"Very High"
0.482758620689655,0.122311950614299,0.474450111817437,1,1,0.0590471485724202,0.393904285707088,0.372962917892605,"High"
0.374005305039788,1.2034622283657,-0.640710407411582,0.684210526315789,2.8,0.450101257823777,0.317730054811472,0.419899239547288,"High"
0.43501326259947,-0.31014816048626,-1.30980671894899,0.842105263157895,1.4,-0.134918563182352,0.361174091398471,-0.137499160635941,"High"
0.145888594164456,-0.526378216036539,0.0283859041258295,0.842105263157895,1,-0.076792577936365,0.136180400796099,-0.0792919869035678,"Low"
0.56763925729443,0.771002117265138,1.36657852720065,0.842105263157895,3.4,0.437651069216816,0.449570829958088,0.788435969266886,"Very High"
0.108753315649867,-0.958838327137098,-1.08677461510319,0.736842105263158,1.2,-0.104276847248331,0.103236245076745,-0.450629763336834,"Low"
0.493368700265252,0.122311950614299,0.920514319509045,0.789473684210526,2.2,0.0603448881014844,0.40103444069168,0.467480799218725,"High"
0.289124668435013,0.338542006164579,1.81264273489226,1,1,0.097880845283658,0.253963436452483,0.608653483045332,"Medium"
0.13262599469496,-1.39129843823766,-1.5328388227948,1,2,-0.184522339288814,0.124538825780614,-0.657644298682778,"Low"
0.530503978779841,0.338542006164579,-1.5328388227948,0.789473684210526,1,0.179597881254419,0.425597079060089,0.0602468266803342,"High"
0.336870026525199,-0.526378216036539,0.251418007971634,0.789473684210526,2.6,-0.177321043598516,0.290331080623358,0.0608051500459646,"Medium"
0.458885941644562,-2.0399886048885,0.0283859041258295,0.368421052631579,3.4,-0.936122091898436,0.377673090778506,-0.376876429819103,"High"
0.0716180371352786,0.771002117265138,0.251418007971634,0.947368421052632,1.6,0.0552176582656731,0.0691696905131394,0.317393255341508,"Low"
0.241379310344828,0.554772061714858,1.14354642335485,1,2,0.133910497655311,0.216223108469636,0.515830558357841,"Medium"
0.302387267904509,-0.0939181049359799,0.697482215663241,0.894736842105263,2.2,-0.0283996391583599,0.26419894034651,0.262514645604109,"Medium"
0.506631299734748,0.987232172815418,-1.9789030304864,0.684210526315789,3.6,0.500162718853435,0.409876231273141,0.153704695614719,"High"
0.663129973474801,-0.958838327137098,1.14354642335485,0.684210526315789,4.4,-0.635834434441046,0.50870135318491,0.272622773267241,"Very High"
0.0716180371352786,-0.742608271586818,-0.194646199719974,0.894736842105263,1,-0.0531841467714698,0.0691696905131394,-0.225902702852401,"Low"
0.469496021220159,1.41969228391598,-0.417678303565778,0.736842105263158,2,0.666539878655513,0.384919499299273,0.577120035071718,"High"
0.639257294429708,0.338542006164579,0.0283859041258295,0.947368421052632,2.6,0.216415446911574,0.49424327000968,0.426868429889394,"Very High"
0.676392572944297,-0.31014816048626,-0.863742511257386,0.947368421052632,2.4,-0.209781912265242,0.516644206698847,0.0724033360747933,"Very High"
0.615384615384615,0.771002117265138,1.58961063104646,0.947368421052632,3.6,0.474462841393931,0.479573080261886,0.856915069081141,"Very High"
0.397877984084881,-0.31014816048626,0.0283859041258295,0.736842105263158,3.4,-0.123401124861907,0.334955361093352,0.111571724721728,"High"
0.445623342175066,-1.82375854933822,0.0283859041258295,0.894736842105263,1.6,-0.812709380076448,0.368540607215233,-0.318638712888767,"High"
0.591511936339523,1.2034622283657,-0.863742511257386,0.368421052631579,3.2,0.711862273012072,0.464684467768136,0.484046134427994,"Very High"
0.145888594164456,-0.742608271586818,0.251418007971634,0.947368421052632,1.8,-0.108338076756697,0.136180400796099,-0.0995545827994906,"Low"
0.0371352785145889,-1.17506838268738,0.474450111817437,0.789473684210526,2.4,-0.0436364916647834,0.036462372537355,-0.239062853185432,"Low"
0.193633952254642,-0.958838327137098,1.36657852720065,0.736842105263158,2,-0.185663654856786,0.177002395316355,0.0824811834263216,"Low"
0.374005305039788,0.554772061714858,0.251418007971634,0.789473684210526,4.6,0.207487694169218,0.317730054811472,0.403717872628678,"High"
0.591511936339523,0.338542006164579,-0.863742511257386,0.894736842105263,2.8,0.200251637598677,0.464684467768136,0.224570067767658,"Very High"
0.228116710875332,-0.0939181049359799,0.697482215663241,0.947368421052632,2,-0.02142428918964,0.205481866638224,0.22537936708952,"Medium"
0.421750663129974,-0.0939181049359799,-1.30980671894899,1,2.8,-0.03961002303666,0.351888973622792,-0.079261443705605,"High"
0.639257294429708,1.63592233946626,-0.417678303565778,0.894736842105263,4,1.04577528862432,0.49424327000968,0.726869688341576,"Very High"
0.26525198938992,-0.31014816048626,0.0283859041258295,0.578947368421053,2.8,-0.0822674165746046,0.23527130344033,0.0452587273742479,"Medium"
0.724137931034483,-0.742608271586818,0.0283859041258295,0.894736842105263,4.6,-0.537750817355972,0.544727175441672,0.144963664866362,"Very High"
0.397877984084881,0.554772061714858,-0.863742511257386,0.368421052631579,3.2,0.220731589541721,0.334955361093352,0.192622108305421,"High"
0.0610079575596817,1.41969228391598,-0.194646199719974,0.684210526315789,2.6,0.0866125266049537,0.0592193596599713,0.41748242401064,"Low"
0.13262599469496,0.771002117265138,0.251418007971634,0.894736842105263,1.6,0.102254922714209,0.124538825780614,0.347897234121348,"Low"
0.119363395225464,0.338542006164579,0.251418007971634,0.842105263157895,2.4,0.0404095232822441,0.112760126588001,0.211527901056432,"Low"
0.217506631299735,-0.0939181049359799,0.251418007971634,0.842105263157895,1,-0.02042781062268,0.196805022612535,0.1308614857634,"Medium"
0.543766578249337,0.122311950614299,1.58961063104646,0.894736842105263,1.8,0.0665091508645393,0.434225260283427,0.62649900051825,"Very High"
0.615384615384615,0.771002117265138,0.0283859041258295,1,5,0.474462841393931,0.479573080261886,0.544670123697015,"Very High"
0.228116710875332,0.987232172815418,-1.30980671894899,0.894736842105263,2.2,0.22520415613296,0.205481866638224,0.148266663492493,"Medium"
0.445623342175066,-0.31014816048626,0.920514319509045,0.894736842105263,2.8,-0.138209259845336,0.368540607215233,0.313870086843464,"High"
0.0954907161803714,0.122311950614299,-2.20193513433221,0.842105263157895,2.2,0.0116796557615776,0.0912024055130219,-0.355948083591967,"Low"
0.649867374005305,-0.31014816048626,-0.194646199719974,0.684210526315789,1.8,-0.201555170607782,0.500694905291169,0.19295999891278,"Very High"
0.517241379310345,0.338542006164579,1.36657852720065,1,2.6,0.175107934223058,0.416893803931787,0.633498996944676,"High"
0.43501326259947,-0.526378216036539,1.58961063104646,0.684210526315789,3,-0.228981505119343,0.361174091398471,0.377515292698065,"High"
0.530503978779841,0.771002117265138,1.81264273489226,1,3.4,0.409019690856837,0.425597079060089,0.859081171547914,"High"
0.0716180371352786,0.771002117265138,0.0283859041258295,0.578947368421053,1.4,0.0552176582656731,0.0691696905131394,0.272786834572347,"Low"
0.312997347480106,-0.526378216036539,0.920514319509045,0.842105263157895,2.6,-0.164754985390747,0.272312575120679,0.1826880728309,"Medium"
0.384615384615385,0.771002117265138,0.697482215663241,1,2.6,0.296539275871207,0.325422400434628,0.563104770619882,"High"
0.782493368700265,0.771002117265138,-0.640710407411582,0.631578947368421,4,0.603304044013835,0.578013153075139,0.494405238047357,"Very High"
0.724137931034483,0.987232172815418,-1.7558709266406,0.947368421052632,4,0.714892263073234,0.544727175441672,0.307064432033747,"Very High"
0.0954907161803714,0.338542006164579,0.474450111817437,1,2.6,0.0323276186257954,0.0912024055130219,0.244197982303047,"Low"
0.543766578249337,0.771002117265138,0.0283859041258295,0.684210526315789,3,0.419245183128258,0.434225260283427,0.508861105129376,"Very High"
0.26525198938992,-0.526378216036539,1.36657852720065,0.947368421052632,2.8,-0.139622868975209,0.23527130344033,0.248028235324128,"Medium"
0.70026525198939,0.122311950614299,1.36657852720065,0.947368421052632,3.8,0.0856508089182359,0.530784269472659,0.660141916619115,"Very High"
0.517241379310345,0.771002117265138,-0.194646199719974,0.736842105263158,3.2,0.398794198585416,0.416893803931787,0.450992084890719,"High"
0.145888594164456,-0.526378216036539,-1.30980671894899,0.842105263157895,1.6,-0.076792577936365,0.136180400796099,-0.346930511518532,"Low"
0.13262599469496,-0.0939181049359799,-1.5328388227948,0.473684210526316,1.4,-0.012455982087,0.124538825780614,-0.268430198692274,"Low"
0.482758620689655,0.338542006164579,-1.5328388227948,0.578947368421053,3.2,0.163434071941521,0.393904285707088,0.0363741476352412,"High"
0.302387267904509,-1.39129843823766,1.14354642335485,0.736842105263158,1.8,-0.420710933578496,0.26419894034651,-0.0374866128480735,"Medium"
0.458885941644562,-0.31014816048626,0.474450111817437,1,2.4,-0.142322630674066,0.377673090778506,0.23128854503989,"High"
0.458885941644562,0.554772061714858,-0.417678303565778,0.894736842105263,2.8,0.254577099938118,0.377673090778506,0.312338928623583,"High"
0.302387267904509,-0.31014816048626,-0.194646199719974,0.631578947368421,2.4,-0.0937848548950493,0.26419894034651,0.0192199458623817,"Medium"
0.517241379310345,-0.0939181049359799,-0.863742511257386,1,3.4,-0.0485783301393,0.416893803931787,0.0576967559229013,"High"
0.0954907161803714,0.554772061714858,-0.863742511257386,0.894736842105263,2.4,0.052975581490013,0.0912024055130219,0.0414284743531659,"Low"
0.543766578249337,-0.742608271586818,-0.863742511257386,0.421052631578947,1.2,-0.403805558820418,0.434225260283427,-0.123647694602854,"Very High"
0.278514588859416,0.554772061714858,-0.640710407411582,0.894736842105263,3,0.154512112679204,0.245698926602589,0.177546831461849,"Medium"
0.180371352785146,-0.31014816048626,1.36657852720065,0.789473684210526,1.6,-0.0559418432707313,0.16582909471823,0.270456933686825,"Low"
0.493368700265252,0.987232172815418,-1.5328388227948,0.894736842105263,3.4,0.487069453961983,0.40103444069168,0.236286237418291,"High"
0.193633952254642,-0.0939181049359799,-1.08677461510319,0.736842105263158,1,-0.01818573384702,0.177002395316355,-0.148713378374111,"Low"
0.676392572944297,0.771002117265138,0.920514319509045,0.894736842105263,3.8,0.521500105842467,0.516644206698847,0.753599785553499,"Very High"
0.445623342175066,-0.958838327137098,0.0283859041258295,0.631578947368421,3.6,-0.427280739944383,0.368540607215233,-0.0591626462284305,"High"
0.384615384615385,-0.742608271586818,-0.640710407411582,0.684210526315789,2.2,-0.28561856599493,0.325422400434628,-0.158616870650669,"High"
0.180371352785146,-0.742608271586818,0.474450111817437,0.789473684210526,1.8,-0.133945258535553,0.16582909471823,-0.037706782719985,"Low"
0.445623342175066,1.41969228391598,0.697482215663241,0.894736842105263,4.4,0.632648020418792,0.368540607215233,0.788215799394975,"High"
0.156498673740053,-1.17506838268738,1.58961063104646,1,3.8,-0.183896643444444,0.145397055901024,0.0436509482731045,"Low"
0.350132625994695,-0.958838327137098,-2.42496723817801,0.894736842105263,1.8,-0.335720581384873,0.300202829102512,-0.597578632779384,"Medium"
0.278514588859416,-0.958838327137098,-0.640710407411582,0.631578947368421,2,-0.267050462465239,0.245698926602589,-0.276536285193738,"Medium"
0.43501326259947,0.987232172815418,0.697482215663241,0.842105263157895,3,0.429459088439599,0.361174091398471,0.653172726277009,"High"
0.724137931034483,1.63592233946626,0.0283859041258295,0.789473684210526,3,1.18463341823419,0.544727175441672,0.858522848182285,"Very High"
0.397877984084881,0.338542006164579,-1.30980671894899,0.894736842105263,3.2,0.134698410940814,0.334955361093352,0.0385402501020162,"High"
0.278514588859416,-0.31014816048626,-0.640710407411582,0.894736842105263,2.6,-0.0863807874033349,0.245698926602589,-0.0819292351984864,"Medium"
0.70026525198939,0.771002117265138,-0.640710407411582,0.842105263157895,5,0.539905991931025,0.530784269472659,0.45329117969192,"Very High"
0.360742705570292,1.85215239501654,0.0283859041258295,1,3.8,0.668150466106763,0.308030657722759,0.741694252115274,"High"
0.73474801061008,1.63592233946626,0.251418007971634,0.842105263157895,4.4,1.20199068443542,0.550862164009188,0.908434308739245,"Very High"
0.180371352785146,-0.742608271586818,-0.194646199719974,0.947368421052632,2.6,-0.133945258535553,0.16582909471823,-0.171526045027467,"Low"
0.326259946949602,0.122311950614299,0.251418007971634,1,1.8,0.0399054905187235,0.282362910974181,0.250107160253418,"Medium"
0.0610079575596817,0.122311950614299,0.0283859041258295,0.947368421052632,2,0.00746200229211904,0.0592193596599713,0.0728747447892965,"Low"
0.615384615384615,0.122311950614299,-1.9789030304864,0.578947368421053,2.6,0.0752688926857224,0.479573080261886,-0.0513947132206828,"Very High"
0.374005305039788,1.85215239501654,0.0283859041258295,0.526315789473684,3.6,0.692714821478335,0.317730054811472,0.748325551850022,"High"
0.326259946949602,-1.17506838268738,0.920514319509045,0.526315789473684,2.2,-0.383377748197739,0.282362910974181,-0.00528767742960398,"Medium"
0.241379310344828,0.771002117265138,-0.194646199719974,1,2.8,0.186103959339861,0.216223108469636,0.313061050407961,"Medium"
0.591511936339523,0.771002117265138,0.474450111817437,0.842105263157895,3.6,0.456056955305374,0.464684467768136,0.62194662571279,"Very High"
0.350132625994695,-0.742608271586818,0.251418007971634,0.684210526315789,2.6,-0.260011384216074,0.300202829102512,0.00256743311562894,"Medium"
0.13262599469496,-1.17506838268738,-0.194646199719974,0.473684210526316,1.6,-0.155844613088512,0.124538825780614,-0.325136757402729,"Low"
0.26525198938992,0.338542006164579,-0.194646199719974,0.789473684210526,4,0.0897989406272092,0.23527130344033,0.195259356600339,"Medium"
0.169761273209549,0.554772061714858,-0.640710407411582,0.736842105263158,1,0.0941788115378008,0.156799687998835,0.123170173636915,"Low"
0.013262599469496,-1.60752849378794,-1.30980671894899,1,1,-0.0213200065489116,0.0131754211585643,-0.737588592191432,"Low"
0.445623342175066,1.63592233946626,-1.9789030304864,0.947368421052632,1,0.729005180451808,0.368540607215233,0.317807766830131,"High"
0.625994694960212,-0.0939181049359799,-1.7558709266406,0.631578947368421,2.6,-0.0587922354506399,0.4861197484882,-0.0663522693288081,"Very High"
0.350132625994695,-0.526378216036539,1.58961063104646,1,1.8,-0.184302187047276,0.300202829102512,0.335074974395678,"Medium"
0.145888594164456,-1.17506838268738,0.920514319509045,0.789473684210526,1.8,-0.171429074397363,0.136180400796099,-0.095473353822177,"Low"
0.278514588859416,0.554772061714858,0.251418007971634,1,1.8,0.154512112679204,0.245698926602589,0.355972514538492,"Medium"
0.397877984084881,-1.17506838268738,-1.5328388227948,0.684210526315789,2.4,-0.467533839265536,0.334955361093352,-0.460149287322734,"High"
0.397877984084881,0.122311950614299,-0.417678303565778,0.894736842105263,2.8,0.0486652323399068,0.334955361093352,0.152096916513575,"High"
0.543766578249337,-1.17506838268738,-0.417678303565778,0.894736842105263,1.8,-0.638962913662899,0.434225260283427,-0.164172886394701,"Very High"
0.180371352785146,-0.958838327137098,1.58961063104646,0.894736842105263,2,-0.172946966167965,0.16582909471823,0.120456304460736,"Low"
0.615384615384615,-0.742608271586818,1.58961063104646,0.631578947368421,2.2,-0.456989705591888,0.479573080261886,0.402831952425554,"Very High"
0.771883289124669,0.554772061714858,-1.30980671894899,0.947368421052632,4,0.428219283710938,0.572042986088635,0.290411919286994,"Very High"
0.543766578249337,1.85215239501654,-1.5328388227948,1,2.6,1.00713857023446,0.434225260283427,0.52096124307067,"Very High"
0.397877984084881,0.987232172815418,1.14354642335485,1,2.4,0.392797946743535,0.334955361093352,0.723817928558036,"High"
0.278514588859416,-0.742608271586818,0.251418007971634,0.842105263157895,1,-0.206827237444604,0.245698926602589,-0.0332415854520106,"Medium"
0.554376657824934,-0.31014816048626,1.14354642335485,0.684210526315789,4.6,-0.171938900640924,0.441074602129002,0.412853165437559,"Very High"
0.156498673740053,-0.742608271586818,-1.5328388227948,0.894736842105263,1.8,-0.11621720961173,0.145397055901024,-0.451100909164979,"Low"
0.278514588859416,-0.0939181049359799,-0.194646199719974,0.947368421052632,2,-0.0261575623826999,0.245698926602589,0.0721526230049192,"Medium"
0.0716180371352786,-0.526378216036539,1.58961063104646,1,2,-0.0376981746233066,0.0691696905131394,0.19581767996597,"Low"
0.13262599469496,-0.31014816048626,1.81264273489226,0.736842105263158,1.4,-0.0411337082873023,0.124538825780614,0.335797096180054,"Low"
0.0238726790450929,0.771002117265138,-0.417678303565778,0.631578947368421,1.6,0.0184058860885577,0.0235921820168202,0.159701313988932,"Low"
0.384615384615385,1.41969228391598,-0.194646199719974,0.947368421052632,4.4,0.546035493813839,0.325422400434628,0.579286137538492,"High"
0.302387267904509,0.771002117265138,0.474450111817437,0.894736842105263,3,0.233141223788397,0.26419894034651,0.477384291495283,"Medium"
0.326259946949602,0.554772061714858,-0.863742511257386,0.421052631578947,2.4,0.180999903424211,0.282362910974181,0.156813089737781,"Medium"
0.615384615384615,0.771002117265138,-2.20193513433221,0.631578947368421,3,0.474462841393931,0.479573080261886,0.0986059160054068,"Very High"
0.145888594164456,0.771002117265138,-0.417678303565778,0.947368421052632,1.6,0.11248041498563,0.136180400796099,0.220709271548614,"Low"
0.602122015915119,0.771002117265138,0.474450111817437,0.947368421052632,3,0.46423734912251,0.471329010486804,0.627251665500588,"Very High"
0.649867374005305,0.122311950614299,1.36657852720065,0.894736842105263,3.6,0.0794865461551811,0.500694905291169,0.634942977627072,"Very High"
0.289124668435013,1.85215239501654,-2.20193513433221,0.421052631578947,4.2,0.535502947100272,0.253963436452483,0.259821025856026,"Medium"
0.469496021220159,1.85215239501654,1.58961063104646,0.842105263157895,3.4,0.869578180153654,0.384919499299273,1.10831585532433,"High"
0.384615384615385,-0.31014816048626,-0.417678303565778,1,1.2,-0.119287754033177,0.325422400434628,0.0157275834486589,"High"
0.108753315649867,0.554772061714858,0.474450111817437,0.473684210526316,1,0.0603333011414035,0.103236245076745,0.315698298702878,"Low"
0.0954907161803714,-0.526378216036539,-0.194646199719974,0.736842105263158,1,-0.0502642328310754,0.0912024055130219,-0.149097346664771,"Low"
0.421750663129974,-1.60752849378794,-0.417678303565778,0.947368421052632,1,-0.677976208255392,0.351888973622792,-0.354918877284551,"High"
0.326259946949602,0.771002117265138,-0.640710407411582,0.631578947368421,2.2,0.251547109876955,0.282362910974181,0.266288527172026,"Medium"
0.602122015915119,0.771002117265138,-0.417678303565778,0.894736842105263,2.6,0.46423734912251,0.471329010486804,0.448825982423945,"Very High"
0.530503978779841,-0.0939181049359799,0.697482215663241,0.947368421052632,2.8,-0.049823928348,0.425597079060089,0.376573001041775,"High"
0.856763925729443,0.987232172815418,-1.08677461510319,0.842105263157895,2.8,0.845824911987745,0.618835147595394,0.507196691688709,"Very High"
0.625994694960212,-0.31014816048626,-1.9789030304864,0.947368421052632,1.6,-0.194151103116067,0.4861197484882,-0.175827706763052,"Very High"
0.543766578249337,-0.742608271586818,-1.9789030304864,0,3.6,-0.403805558820418,0.434225260283427,-0.346679798448657,"Very High"
0.145888594164456,0.122311950614299,-1.30980671894899,0.578947368421053,1.4,0.0178439185246324,0.136180400796099,-0.15232346152328,"Low"
0.578249336870027,0.987232172815418,-1.30980671894899,0.578947368421053,2.8,0.570866349267271,0.456316218097619,0.323332976489841,"Very High"
0.482758620689655,0.122311950614299,-0.640710407411582,0.789473684210526,3,0.0590471485724202,0.393904285707088,0.149930814046801,"High"
0.26525198938992,0.338542006164579,-0.640710407411582,0.947368421052632,3.2,0.0897989406272092,0.23527130344033,0.106046515062017,"Medium"
0.43501326259947,1.2034622283657,-1.5328388227948,0.894736842105263,3,0.523522030376592,0.361174091398471,0.271977535250485,"High"
0,-1.17506838268738,0.251418007971634,0.947368421052632,1.8,0,0,-0.302236913211887,"Low"
0.517241379310345,0.338542006164579,1.81264273489226,1,4.2,0.175107934223058,0.416893803931787,0.722711838482998,"High"
0.326259946949602,-1.17506838268738,-1.7558709266406,0.526315789473684,2.6,-0.383377748197739,0.282362910974181,-0.540564726659533,"Medium"
0.217506631299735,0.338542006164579,-1.5328388227948,0.736842105263158,3.2,0.0736351313143117,0.196805022612535,-0.0962518470597188,"Medium"
0.649867374005305,1.2034622283657,0.251418007971634,0.842105263157895,3.4,0.78209083806259,0.500694905291169,0.736255957106689,"Very High"
0.56763925729443,1.85215239501654,-0.417678303565778,1,2.4,1.05135440990329,0.449570829958088,0.755929686439021,"Very High"
0.312997347480106,0.987232172815418,-1.08677461510319,0.684210526315789,1.6,0.309001051438247,0.272312575120679,0.23531340256404,"Medium"
0.228116710875332,-0.0939181049359799,0.251418007971634,1,2.6,-0.02142428918964,0.205481866638224,0.136166525551199,"Medium"
0.289124668435013,0.338542006164579,-0.863742511257386,0.789473684210526,2.4,0.097880845283658,0.253963436452483,0.073376433815403,"Medium"
0.795755968169761,-0.31014816048626,1.36657852720065,1,3.6,-0.246802249723814,0.585426085464264,0.578149241379132,"Very High"
0.204244031830239,-1.82375854933822,0.920514319509045,0.842105263157895,2.2,-0.372491799201706,0.185852010593337,-0.260902684984537,"Low"
0.710875331564987,1.2034622283657,-0.194646199719974,0.789473684210526,3.8,0.855511610615405,0.537005129347762,0.677547094348209,"Very High"
0.119363395225464,-0.958838327137098,0.251418007971634,0.947368421052632,1,-0.114450198199388,0.112760126588001,-0.177686198934071,"Low"
0.217506631299735,-1.39129843823766,0.0283859041258295,0.736842105263158,1.2,-0.302616636433656,0.196805022612535,-0.302959034996265,"Medium"
0.891246684350133,1.63592233946626,-0.417678303565778,0.947368421052632,3.6,1.45801036090362,0.637236232966285,0.852864383301789,"Very High"
0.411140583554377,1.41969228391598,-1.7558709266406,0.842105263157895,2.4,0.583693114076862,0.344398301893634,0.280303791623862,"High"
0.013262599469496,-1.60752849378794,-0.194646199719974,0.947368421052632,1,-0.0213200065489116,0.0131754211585643,-0.514556488345629,"Low"
0.96551724137931,0.338542006164579,1.58961063104646,0.894736842105263,5,0.326868143883042,0.675755437848076,0.902243348748321,"Very High"
1,1.2034622283657,1.58961063104646,1,4.6,1.2034622283657,0.693147180559945,1.178960794719,"Very High"
0.782493368700265,0.554772061714858,1.58961063104646,1,4.2,0.434105459432051,0.578013153075139,0.875600429073882,"Very High"
0.251989389920424,-0.31014816048626,1.36657852720065,0.842105263157895,3,-0.0781540457458744,0.224733798137544,0.306265952254464,"Medium"
0.350132625994695,-1.60752849378794,0.920514319509045,0.947368421052632,2.8,-0.562848172891268,0.300202829102512,-0.123089371237225,"Medium"
0.241379310344828,-1.39129843823766,-0.194646199719974,0.736842105263158,1.4,-0.335830657505643,0.216223108469636,-0.335629116242879,"Medium"
0.312997347480106,0.122311950614299,-1.30980671894899,0.736842105263158,2.4,0.0382833161073933,0.272312575120679,-0.0687690848654553,"Medium"
0.302387267904509,-0.0939181049359799,0.920514319509045,0.736842105263158,2.2,-0.0283996391583599,0.26419894034651,0.30712106637327,"Medium"
0.663129973474801,1.63592233946626,0.474450111817437,1,3.6,1.0848291375771,0.50870135318491,0.917231710940766,"Very High"
0.302387267904509,-0.526378216036539,0.251418007971634,0.736842105263158,2.6,-0.159170070631738,0.26419894034651,0.0435637707356196,"Medium"
0.13262599469496,1.85215239501654,0.920514319509045,1,1.2,0.245643553715721,0.124538825780614,0.806061579754251,"Low"
0.241379310344828,0.987232172815418,1.36657852720065,1,2.8,0.238297421024412,0.216223108469636,0.69017501245717,"Medium"
0.169761273209549,-0.958838327137098,0.920514319509045,0.789473684210526,3.4,-0.162773615216908,0.156799687998835,-0.0186679976345459,"Low"
0.517241379310345,-0.526378216036539,-1.08677461510319,0.947368421052632,1.2,-0.272264594501658,0.416893803931787,-0.116647698176427,"High"
0.710875331564987,-0.31014816048626,0.251418007971634,0.947368421052632,3,-0.220476676419941,0.537005129347762,0.312676819230942,"Very High"
0.108753315649867,-0.31014816048626,-1.08677461510319,0.789473684210526,1.2,-0.0337296407955878,0.103236245076745,-0.256022713341582,"Low"
0.326259946949602,-0.742608271586818,0.474450111817437,0.684210526315789,3,-0.242283335292251,0.282362910974181,0.035237514362243,"Medium"
0.411140583554377,0.771002117265138,0.0283859041258295,0.578947368421053,2.6,0.316990260414049,0.344398301893634,0.442548107781896,"High"
0.506631299734748,-0.0939181049359799,1.81264273489226,0.894736842105263,1.8,-0.0475818515723399,0.409876231273141,0.587668765365032,"High"
0.0371352785145889,-2.25621866043878,0.0283859041258295,0.368421052631579,1.2,-0.0837853083452068,0.036462372537355,-0.652620778049174,"Low"
0.421750663129974,0.122311950614299,0.920514319509045,0.947368421052632,3.8,0.0515851462803012,0.351888973622792,0.431671780651086,"High"
0.0610079575596817,-1.82375854933822,0.251418007971634,0.842105263157895,2.2,-0.111263784177133,0.0592193596599713,-0.466339984427298,"Low"
0.119363395225464,0.122311950614299,-0.194646199719974,0.736842105263158,1.6,0.014599569701972,0.112760126588001,0.0574460428530269,"Low"
0,0.554772061714858,0.920514319509045,1,1.2,0,0,0.350534482416266,"Low"
0.56763925729443,0.122311950614299,-0.640710407411582,0.684210526315789,2.8,0.0694290648049337,0.449570829958088,0.192371132349188,"Very High"
0.0954907161803714,0.771002117265138,-0.417678303565778,1,1.8,0.0736235443542307,0.0912024055130219,0.195510332556571,"Low"
0.458885941644562,0.771002117265138,0.474450111817437,0.578947368421053,2.6,0.353802032591164,0.377673090778506,0.55563362836531,"High"
0.0954907161803714,-2.47244871598905,-0.863742511257386,0.684210526315789,1,-0.236095898609034,0.0912024055130219,-0.866737758958006,"Low"
0.578249336870027,0.122311950614299,-0.640710407411582,0.842105263157895,2,0.0707268043339979,0.456316218097619,0.197676172136987,"Very High"
0.180371352785146,-2.47244871598905,1.14354642335485,0.947368421052632,1.4,-0.445958919594842,0.16582909471823,-0.422839653733172,"Low"
0.108753315649867,-1.60752849378794,0.697482215663241,0.789473684210526,2.2,-0.174824053701075,0.103236245076745,-0.2883854471788,"Low"
0.411140583554377,-0.0939181049359799,-1.30980671894899,0.736842105263158,2.4,-0.0386135444697,0.344398301893634,-0.0845664834934035,"High"
0.156498673740053,0.771002117265138,-0.640710407411582,1,2.2,0.120660808802767,0.145397055901024,0.181407890567252,"Low"
0.482758620689655,1.63592233946626,-0.194646199719974,0.526315789473684,2.2,0.789755612156125,0.393904285707088,0.693226772240711,"High"
0.193633952254642,-0.526378216036539,0.474450111817437,0.894736842105263,2,-0.101924694351903,0.177002395316355,0.0337935336798467,"Low"
0.289124668435013,0.122311950614299,-0.417678303565778,0.789473684210526,2.2,0.0353634021669989,0.253963436452483,0.0977202586886406,"Medium"
0.108753315649867,-1.60752849378794,1.14354642335485,1,1.4,-0.174824053701075,0.103236245076745,-0.199172605640478,"Low"
0.193633952254642,-0.526378216036539,-1.08677461510319,0.578947368421053,1.8,-0.101924694351903,0.177002395316355,-0.278451411704279,"Low"
0.73474801061008,0.554772061714858,-1.08677461510319,0.894736842105263,3,0.407617668687044,0.550862164009188,0.316450700798859,"Very High"
0.43501326259947,-0.526378216036539,-1.30980671894899,0.526315789473684,1,-0.228981505119343,0.361174091398471,-0.202368177301025,"High"
0.251989389920424,-0.958838327137098,-1.08677461510319,1,2,-0.241617085087597,0.224733798137544,-0.379011726201555,"Medium"
0.26525198938992,0.987232172815418,-0.417678303565778,1,2.6,0.261865297829023,0.23527130344033,0.34525998582643,"Medium"
0.506631299734748,1.2034622283657,-0.194646199719974,0.894736842105263,3,0.609711632938591,0.409876231273141,0.575425078433089,"High"
0.302387267904509,-2.47244871598905,0.251418007971634,0.947368421052632,1,-0.74763701226194,0.26419894034651,-0.540257379250134,"Medium"
0.0716180371352786,0.338542006164579,-1.7558709266406,1,2.4,0.0242457139693465,0.0691696905131394,-0.213802564911107,"Low"
0.26525198938992,0.338542006164579,-0.417678303565778,0.631578947368421,2,0.0897989406272092,0.23527130344033,0.150652935831178,"Medium"
0.0848806366047746,-1.60752849378794,-1.30980671894899,0.947368421052632,2.2,-0.136448041913035,0.081469968594791,-0.701779573623793,"Low"
0.156498673740053,0.554772061714858,-0.640710407411582,0.736842105263158,1.2,0.0868210918864101,0.145397055901024,0.116538873902167,"Low"
0.578249336870027,1.85215239501654,1.14354642335485,0.947368421052632,3.6,1.07100589420055,0.456316218097619,1.07347967161095,"Very High"
0.336870026525199,-0.958838327137098,1.58961063104646,1,2,-0.323003892696052,0.290331080623358,0.198705641330762,"Medium"
0.458885941644562,0.122311950614299,-1.30980671894899,1,2.4,0.0561272346320258,0.377673090778506,0.00417521221677269,"High"
0.724137931034483,0.338542006164579,1.36657852720065,0.947368421052632,4.2,0.245151107912281,0.544727175441672,0.736947272806745,"Very High"
0.241379310344828,-0.958838327137098,-0.194646199719974,0.631578947368421,1.2,-0.231443734136541,0.216223108469636,-0.20589108291271,"Medium"
0.0954907161803714,-0.0939181049359799,-0.194646199719974,0.894736842105263,1.6,-0.00896830710263999,0.0912024055130219,-0.0193593133346031,"Low"
0.0954907161803714,0.338542006164579,-1.30980671894899,0.842105263157895,1.6,0.0323276186257954,0.0912024055130219,-0.112653383850239,"Low"
0.193633952254642,1.85215239501654,1.36657852720065,0.894736842105263,2,0.358639588424954,0.177002395316355,0.925778400072413,"Low"
0.591511936339523,0.338542006164579,-0.417678303565778,0.947368421052632,3.2,0.200251637598677,0.464684467768136,0.31378290930598,"Very High"
0.350132625994695,-0.958838327137098,0.251418007971634,1,1.4,-0.335720581384873,0.300202829102512,-0.0623015835494551,"Medium"
0.843501326259947,0.554772061714858,0.474450111817437,1,3.2,0.467950969828448,0.611666658116781,0.683072304007918,"Very High"
0.649867374005305,0.771002117265138,1.81264273489226,1,3.4,0.501049121299626,0.500694905291169,0.918762869160646,"Very High"
0.458885941644562,0.554772061714858,-0.194646199719974,0.894736842105263,2.2,0.254577099938118,0.377673090778506,0.356945349392744,"High"
0.615384615384615,-1.60752849378794,-1.5328388227948,0.631578947368421,3.2,-0.989248303869501,0.479573080261886,-0.481134005003034,"Very High"
0.228116710875332,-0.526378216036539,0.697482215663241,0.684210526315789,2.2,-0.12007566731868,0.205481866638224,0.0956413337593525,"Medium"
0.119363395225464,-1.39129843823766,0.474450111817437,0.842105263157895,1,-0.166070105359933,0.112760126588001,-0.262817811495079,"Low"
0.108753315649867,0.338542006164579,-0.640710407411582,0.842105263157895,1.4,0.0368175656571557,0.103236245076745,0.0277971781919908,"Low"
0.506631299734748,-0.742608271586818,-1.08677461510319,0.947368421052632,1,-0.376228593827804,0.409876231273141,-0.186821754629309,"High"
0.530503978779841,1.85215239501654,0.920514319509045,0.894736842105263,3,0.982574214862886,0.425597079060089,1.00500057179669,"High"
0.891246684350133,0.122311950614299,-0.863742511257386,0,4.6,0.109010120441391,0.637236232966285,0.309568425107879,"Very High"
0.782493368700265,0.987232172815418,-0.863742511257386,0.684210526315789,4,0.772502628595619,0.578013153075139,0.514667833943281,"Very High"
0.421750663129974,-0.742608271586818,-0.863742511257386,0.947368421052632,1.8,-0.313195530987544,0.351888973622792,-0.184655652162536,"High"
0.108753315649867,-0.0939181049359799,-0.194646199719974,0.947368421052632,3.2,-0.01021390531134,0.103236245076745,-0.0127280135998553,"Low"
0.506631299734748,-1.60752849378794,-0.863742511257386,1,2,-0.814424250168426,0.409876231273141,-0.401691400520485,"High"
